start_s,end_s,duration_s,label
0.200000,0.300000,0.100000,i
0.300000,0.660000,0.360000,said
0.660000,1.140000,0.480000,bad
1.140000,1.470000,0.330000,not
1.470000,2.040000,0.570000,bed
