start_s,end_s,duration_s,label
0.200000,0.300000,0.100000,aj
0.300000,0.430000,0.130000,s
0.430000,0.510000,0.080000,aj
0.510000,0.660000,0.150000,d
0.660000,0.700000,0.040000,b
0.700000,0.920000,0.220000,a
0.920000,1.140000,0.220000,d
1.140000,1.250000,0.110000,n
1.250000,1.330000,0.080000,a
1.330000,1.470000,0.140000,t
1.470000,1.600000,0.130000,b
1.600000,1.790000,0.190000,ɛ
1.790000,2.040000,0.250000,d
