start_s,end_s,duration_s,label
0.610000,0.710000,0.100000,i
0.710000,1.010000,0.300000,said
1.010000,1.340000,0.330000,new
1.340000,1.750000,0.410000,not
1.750000,2.170000,0.420000,no
