start_s,end_s,duration_s,label
0.430000,0.550000,0.120000,aj
0.550000,0.700000,0.150000,s
0.700000,0.800000,0.100000,aj
0.800000,0.920000,0.120000,d
0.920000,0.990000,0.070000,ʋ
0.990000,1.180000,0.190000,aj
1.180000,1.490000,0.310000,ʈ
1.490000,1.550000,0.060000,n
1.550000,1.630000,0.080000,a
1.630000,1.700000,0.070000,t
1.700000,1.840000,0.140000,b
1.840000,2.050000,0.210000,e
2.050000,2.110000,0.060000,t
