start_s,end_s,duration_s,label
0.430000,0.550000,0.120000,i
0.550000,0.920000,0.370000,said
0.920000,1.490000,0.570000,white
1.490000,1.700000,0.210000,not
1.700000,2.110000,0.410000,bait
