start_s,end_s,duration_s,label
0.610000,0.710000,0.100000,aj
0.710000,0.870000,0.160000,s
0.870000,0.960000,0.090000,aj
0.960000,1.010000,0.050000,d
1.010000,1.180000,0.170000,ɲ
1.180000,1.340000,0.160000,uː
1.340000,1.540000,0.200000,n
1.540000,1.620000,0.080000,a
1.620000,1.750000,0.130000,t
1.750000,1.870000,0.120000,n
1.870000,2.170000,0.300000,əw
